timestamp,cpu_pct,mem_pct,gpu_util_pct,gpu_mem_mb,disk_read_mbs,disk_write_mbs
2026-06-21T13:38:36.588426,17.9,59.6,0.0,9,143.65,13.22
2026-06-21T13:38:37.544288,7.6,59.8,0.0,9,1.91,5.52
2026-06-21T13:38:38.538137,8.5,59.8,0.0,9,0.02,0.41
2026-06-21T13:38:39.537344,7.2,60.0,0.0,9,1.16,0.31
2026-06-21T13:38:40.525036,10.9,58.7,0.0,9,0.00,0.00
2026-06-21T13:38:41.531989,5.8,58.8,0.0,9,0.00,0.44
2026-06-21T13:38:42.512736,14.5,58.9,0.0,9,0.02,0.50
2026-06-21T13:38:43.525986,5.7,58.7,0.0,9,0.00,0.37
2026-06-21T13:38:44.514422,7.0,58.9,0.0,9,3.74,0.00
2026-06-21T13:38:45.528733,4.8,59.1,0.0,9,0.00,0.05
2026-06-21T13:38:46.534042,4.9,59.0,0.0,9,0.00,2.97
2026-06-21T13:38:47.513946,5.2,59.1,0.0,9,0.00,0.01
2026-06-21T13:38:48.533892,6.1,59.1,0.0,9,0.00,0.00
2026-06-21T13:38:49.507438,6.4,59.0,0.0,9,0.00,0.00
2026-06-21T13:38:50.529996,5.5,58.9,0.0,9,0.00,0.00
2026-06-21T13:38:51.514740,8.4,58.9,0.0,9,0.00,0.00
2026-06-21T13:38:52.524771,11.5,58.8,0.0,9,0.00,0.24
2026-06-21T13:38:53.510060,7.9,58.9,0.0,9,0.00,0.00
2026-06-21T13:38:54.506735,8.1,58.9,0.0,9,0.00,0.00
2026-06-21T13:38:55.510437,9.3,59.0,0.0,9,0.00,0.00
2026-06-21T13:38:56.508728,8.5,58.9,0.0,9,0.00,0.00
2026-06-21T13:38:57.506491,8.4,59.0,0.0,9,0.00,0.00
2026-06-21T13:38:58.523976,8.0,59.0,0.0,9,0.00,0.00
2026-06-21T13:38:59.511578,7.8,59.0,0.0,9,0.18,7.20
2026-06-21T13:39:00.512605,9.7,58.9,0.0,9,0.00,0.00
2026-06-21T13:39:01.507544,8.1,59.0,0.0,9,0.00,0.24
2026-06-21T13:39:02.524199,12.7,59.1,0.0,9,2.51,52.04
2026-06-21T13:39:03.509610,9.2,59.1,0.0,9,0.00,0.02
2026-06-21T13:39:04.512681,8.8,58.8,0.0,9,0.00,0.00
2026-06-21T13:39:05.509535,9.9,58.8,0.0,9,0.00,0.00
2026-06-21T13:39:06.524289,7.5,58.8,0.0,9,0.00,0.00
2026-06-21T13:39:07.509252,8.8,58.8,0.0,9,0.00,0.00
2026-06-21T13:39:08.520765,8.4,58.7,0.0,9,0.00,0.00
2026-06-21T13:39:09.507803,8.6,58.6,0.0,9,0.00,0.00
2026-06-21T13:39:10.521848,8.3,58.6,0.0,9,0.00,0.00
2026-06-21T13:39:11.506264,8.2,58.6,0.0,9,0.25,0.00
2026-06-21T13:39:12.519642,7.3,58.5,0.0,9,0.00,0.01
2026-06-21T13:39:13.506529,9.1,58.5,0.0,9,0.00,0.00
2026-06-21T13:39:14.519283,8.4,58.8,0.0,9,0.00,0.10
2026-06-21T13:39:15.510320,9.3,58.8,0.0,9,0.00,0.00
2026-06-21T13:39:16.514074,8.0,58.8,0.0,9,0.00,0.00
2026-06-21T13:39:17.512652,7.8,58.7,0.0,9,0.00,0.75
2026-06-21T13:39:18.523038,9.3,58.7,0.0,9,0.00,0.00
2026-06-21T13:39:19.513251,8.7,58.7,0.0,9,0.00,0.00
2026-06-21T13:39:20.515060,9.5,58.6,0.0,9,0.00,0.00
2026-06-21T13:39:21.511942,9.3,58.2,0.0,9,0.00,0.11
2026-06-21T13:39:22.518464,7.7,58.3,0.0,9,0.00,0.16
2026-06-21T13:39:23.512128,8.2,58.5,0.0,9,0.00,0.00
2026-06-21T13:39:24.518937,8.3,58.6,0.0,9,0.00,0.00
2026-06-21T13:39:25.512462,10.4,58.6,0.0,9,0.04,0.00
2026-06-21T13:39:26.512955,12.0,58.1,0.0,9,0.00,0.00
2026-06-21T13:39:27.512985,8.2,58.1,0.0,9,0.00,0.00
2026-06-21T13:39:28.529636,8.2,58.1,0.0,9,0.00,0.00
2026-06-21T13:39:29.512243,8.8,58.1,0.0,9,0.03,3.04
2026-06-21T13:39:30.538494,9.1,58.1,0.0,9,0.00,0.00
2026-06-21T13:39:31.514341,8.5,58.0,0.0,9,0.00,0.00
2026-06-21T13:39:32.514335,8.9,58.1,0.0,9,0.01,0.00
2026-06-21T13:39:33.511854,8.3,58.0,0.0,9,0.00,0.00
2026-06-21T13:39:34.516598,8.5,58.0,0.0,9,2.03,0.13
2026-06-21T13:39:35.511873,9.3,58.0,0.0,9,0.00,0.00
2026-06-21T13:39:36.512592,8.3,58.0,0.0,9,0.00,0.00
2026-06-21T13:39:37.512637,8.2,58.1,0.0,9,0.00,0.00
2026-06-21T13:39:38.539587,8.7,58.2,0.0,9,0.00,0.00
2026-06-21T13:39:39.515250,9.9,58.2,0.0,9,0.01,0.00
2026-06-21T13:39:40.512398,7.9,58.2,0.0,9,0.00,0.00
2026-06-21T13:39:41.513138,9.2,58.1,0.0,9,0.00,0.08
2026-06-21T13:39:42.539614,15.5,58.1,0.0,9,0.71,0.00
2026-06-21T13:39:43.513288,9.2,58.1,0.0,9,0.00,0.00
2026-06-21T13:39:44.539855,8.1,58.0,0.0,9,0.00,0.00
2026-06-21T13:39:45.513815,8.9,58.0,0.0,9,0.00,0.00
2026-06-21T13:39:46.514933,10.0,58.2,0.0,9,0.00,0.00
2026-06-21T13:39:47.514738,8.3,58.1,0.0,9,0.00,0.00
2026-06-21T13:39:48.520788,8.3,58.1,0.0,9,0.00,0.00
2026-06-21T13:39:49.516126,8.8,58.1,0.0,9,0.00,0.12
2026-06-21T13:39:50.515897,7.8,58.1,0.0,9,0.00,0.13
2026-06-21T13:39:51.512428,9.3,58.1,0.0,9,0.00,0.40
2026-06-21T13:39:52.522353,8.5,58.1,0.0,9,0.00,0.00
2026-06-21T13:39:53.513261,8.5,58.1,0.0,9,0.00,2.49
2026-06-21T13:39:54.519591,7.9,58.2,0.0,9,0.00,0.00
2026-06-21T13:39:55.518904,8.3,58.2,0.0,9,0.00,0.00
2026-06-21T13:39:56.520403,9.0,58.2,0.0,9,0.00,0.00
2026-06-21T13:39:57.519506,7.8,58.2,0.0,9,0.00,0.00
2026-06-21T13:39:58.514067,8.2,58.2,0.0,9,0.00,0.00
2026-06-21T13:39:59.522780,8.3,58.2,0.0,9,0.00,2.67
2026-06-21T13:40:00.514505,9.3,58.2,0.0,9,0.00,0.00
2026-06-21T13:40:01.514483,10.2,58.2,0.0,9,0.00,0.24
2026-06-21T13:40:02.519695,13.1,58.1,0.0,9,0.00,53.15
2026-06-21T13:40:03.516387,9.0,58.0,0.0,9,0.00,0.00
2026-06-21T13:40:04.521056,8.5,58.0,0.0,9,0.00,0.00
2026-06-21T13:40:05.518814,13.4,58.0,0.0,9,0.00,0.00
2026-06-21T13:40:06.518195,15.7,58.2,0.0,9,6.74,0.00
2026-06-21T13:40:07.517994,12.2,58.4,0.0,9,0.84,0.00
2026-06-21T13:40:08.517190,23.0,60.6,0.0,9,17.69,4.01
2026-06-21T13:40:09.518571,18.5,60.8,0.0,9,1.41,11.71
2026-06-21T13:40:10.530999,12.6,60.0,0.0,9,0.15,6.65
2026-06-21T13:40:11.519996,16.3,60.3,0.0,9,0.17,0.14
2026-06-21T13:40:12.527946,11.8,60.2,0.0,9,0.00,0.43
2026-06-21T13:40:13.517176,12.5,60.3,0.0,9,0.01,0.27
2026-06-21T13:40:14.530655,12.7,60.6,0.0,9,0.01,0.00
2026-06-21T13:40:15.529078,12.2,60.7,0.0,9,0.00,0.00
2026-06-21T13:40:16.519635,11.1,61.0,0.0,9,0.01,0.00
2026-06-21T13:40:17.516688,9.7,60.4,0.0,9,0.00,0.00
2026-06-21T13:40:18.531161,9.7,60.5,0.0,9,0.00,0.00
2026-06-21T13:40:19.511474,10.1,60.5,0.0,9,0.00,0.00
2026-06-21T13:40:20.518529,9.0,60.5,0.0,9,0.00,0.00
2026-06-21T13:40:21.529986,10.3,60.6,0.0,9,0.00,0.00
2026-06-21T13:40:22.515113,9.4,60.0,0.0,9,0.00,0.15
2026-06-21T13:40:23.511202,10.3,60.2,0.0,9,0.00,0.00
2026-06-21T13:40:24.516424,8.5,60.3,0.0,9,0.00,0.00
2026-06-21T13:40:25.511507,9.5,60.4,0.0,9,0.00,0.00
2026-06-21T13:40:26.511458,9.8,60.5,0.0,9,0.00,0.00
2026-06-21T13:40:27.511650,8.8,60.5,0.0,9,0.00,0.00
2026-06-21T13:40:28.516363,8.8,60.4,0.0,9,0.00,0.00
2026-06-21T13:40:29.511034,9.4,60.5,0.0,9,0.00,4.32
2026-06-21T13:40:30.517972,9.4,60.5,0.0,9,0.00,0.00
2026-06-21T13:40:31.516970,12.4,60.6,0.0,9,0.00,0.00
2026-06-21T13:40:32.530639,12.3,60.6,0.0,9,0.00,0.00
2026-06-21T13:40:33.517375,12.8,60.4,0.0,9,5.36,0.94
2026-06-21T13:40:34.530533,12.2,60.5,0.0,9,0.09,0.01
2026-06-21T13:40:35.532573,11.6,60.5,0.0,9,0.00,0.00
2026-06-21T13:40:36.516968,9.8,60.5,0.0,9,0.05,0.00
2026-06-21T13:40:37.511866,11.8,60.7,0.0,9,0.25,0.14
2026-06-21T13:40:38.539666,15.5,58.5,0.0,9,0.55,0.33
2026-06-21T13:40:39.511156,20.5,58.8,0.0,9,0.42,0.07
2026-06-21T13:40:40.539961,13.9,58.8,0.0,9,0.01,0.00
2026-06-21T13:40:41.510675,12.1,58.7,0.0,9,0.00,0.00
2026-06-21T13:40:42.541379,18.6,58.8,0.0,9,0.00,0.01
2026-06-21T13:40:43.509011,10.6,58.0,0.0,9,0.56,0.06
2026-06-21T13:40:44.514285,8.4,58.2,0.0,9,0.00,0.00
2026-06-21T13:40:45.510197,9.3,58.2,0.0,9,0.00,0.00
2026-06-21T13:40:46.518053,8.1,58.3,0.0,9,0.00,0.00
2026-06-21T13:40:47.511376,9.2,58.3,0.0,9,0.00,0.00
2026-06-21T13:40:48.512724,8.4,58.3,0.0,9,0.00,0.00
2026-06-21T13:40:49.518858,7.8,58.3,0.0,9,0.00,0.07
2026-06-21T13:40:50.512182,8.5,58.3,0.0,9,0.00,0.00
2026-06-21T13:40:51.514327,7.5,58.2,0.0,9,0.00,0.00
2026-06-21T13:40:52.512669,14.2,58.5,0.0,9,0.00,0.00
2026-06-21T13:40:53.539045,16.5,57.9,0.0,9,3.43,0.54
2026-06-21T13:40:54.511966,8.7,57.9,0.0,9,0.00,0.00
2026-06-21T13:40:55.539063,15.0,58.1,0.0,9,0.00,0.00
2026-06-21T13:40:56.516728,22.0,60.5,0.0,9,0.01,4.18
2026-06-21T13:40:57.519164,29.5,59.1,0.0,9,0.00,9.42
2026-06-21T13:40:58.514405,21.4,59.4,0.0,9,0.00,0.00
2026-06-21T13:40:59.526046,25.5,60.6,0.0,9,1.31,3.63
2026-06-21T13:41:00.512571,16.7,59.2,0.0,9,0.88,15.22
2026-06-21T13:41:01.518733,24.5,57.0,0.0,9,1.01,0.24
2026-06-21T13:41:02.512914,48.6,57.7,0.0,9,23.70,0.07
2026-06-21T13:41:03.517454,43.4,58.6,0.0,9,3.32,54.72
2026-06-21T13:41:04.513127,22.7,58.7,0.0,9,0.04,4.44
2026-06-21T13:41:05.512714,18.0,59.1,0.0,9,3.31,0.27
2026-06-21T13:41:06.511060,21.6,59.0,0.0,9,0.00,0.00
2026-06-21T13:41:07.518935,20.3,59.6,0.0,9,0.80,0.32
2026-06-21T13:41:08.516316,21.5,59.4,0.0,9,0.00,0.00
2026-06-21T13:41:09.521254,37.2,60.2,0.0,9,4.33,0.05
2026-06-21T13:41:10.521976,22.2,58.8,0.0,9,1.80,0.15
2026-06-21T13:41:11.529776,25.3,59.0,0.0,9,1.51,1.29
2026-06-21T13:41:12.509983,20.9,59.1,0.0,9,0.15,0.20
2026-06-21T13:41:13.514680,14.5,59.0,0.0,9,0.08,0.15
2026-06-21T13:41:14.510960,11.9,58.3,0.0,9,0.24,0.01
2026-06-21T13:41:15.525822,12.3,57.9,0.0,9,0.00,0.00
2026-06-21T13:41:16.516246,15.6,58.3,0.0,9,0.00,0.00
2026-06-21T13:41:17.509561,25.4,58.6,0.0,9,0.23,0.33
2026-06-21T13:41:18.516601,11.2,59.0,0.0,9,0.00,0.00
2026-06-21T13:41:19.511945,14.1,58.9,0.0,9,0.01,0.00
2026-06-21T13:41:20.521936,24.7,58.5,0.0,9,0.04,0.02
2026-06-21T13:41:21.528537,16.0,58.3,0.0,9,0.11,0.12
2026-06-21T13:41:22.531201,12.5,58.2,0.0,9,0.06,0.01
2026-06-21T13:41:23.515971,16.2,58.1,0.0,9,0.03,0.02
2026-06-21T13:41:24.514722,13.3,57.7,0.0,9,0.03,0.07
2026-06-21T13:41:25.523722,23.3,57.7,0.0,9,0.05,0.01
2026-06-21T13:41:26.513599,16.3,58.1,0.0,9,0.57,0.01
2026-06-21T13:41:27.513550,7.0,58.4,0.0,9,0.00,0.00
2026-06-21T13:41:28.517206,19.4,59.4,0.0,9,0.20,0.07
2026-06-21T13:41:29.515458,9.9,59.1,0.0,9,0.04,0.03
2026-06-21T13:41:30.529425,13.6,59.3,0.0,9,1.06,18.06
2026-06-21T13:41:31.512006,9.2,59.3,0.0,9,0.00,0.34
2026-06-21T13:41:32.529266,7.5,59.4,0.0,9,0.00,0.30
2026-06-21T13:41:33.514102,27.6,60.6,0.0,9,0.15,0.02
2026-06-21T13:41:34.516332,29.5,61.2,0.0,9,0.07,0.11
2026-06-21T13:41:35.512873,34.6,59.3,0.0,9,0.12,0.12
2026-06-21T13:41:36.516673,30.2,60.5,0.0,9,0.91,6.80
2026-06-21T13:41:37.520125,21.3,60.9,0.0,9,0.20,0.14
2026-06-21T13:41:38.515902,22.9,60.9,0.0,9,0.00,0.00
2026-06-21T13:41:39.511725,21.5,61.2,0.0,9,0.08,0.00
2026-06-21T13:41:40.535492,24.3,61.1,0.0,9,0.12,15.34
2026-06-21T13:41:41.517444,34.4,60.6,0.0,9,0.89,0.93
2026-06-21T13:41:42.548635,41.0,61.0,0.0,9,0.15,0.41
2026-06-21T13:41:43.511577,24.6,60.7,0.0,9,0.00,0.00
2026-06-21T13:41:44.528487,20.5,60.7,0.0,9,0.00,0.67
2026-06-21T13:41:45.526629,24.5,60.1,0.0,9,0.00,0.00
2026-06-21T13:41:46.526512,24.3,60.5,0.0,9,0.00,0.55
2026-06-21T13:41:47.513639,21.6,60.9,0.0,9,0.00,0.00
2026-06-21T13:41:48.538579,22.8,60.8,0.0,9,0.00,0.00
2026-06-21T13:41:49.510439,23.8,60.3,0.0,9,0.00,0.00
2026-06-21T13:41:50.510165,23.9,60.3,0.0,9,0.02,0.00
2026-06-21T13:41:51.530585,23.7,60.2,0.0,9,0.00,0.74
2026-06-21T13:41:52.510968,23.6,59.9,0.0,9,0.00,0.00
2026-06-21T13:41:53.511535,37.8,58.3,0.0,9,0.00,0.00
2026-06-21T13:41:54.509458,26.7,58.0,0.0,9,0.00,0.00
2026-06-21T13:41:55.524667,20.5,58.1,0.0,9,0.00,0.00
2026-06-21T13:41:56.520786,25.1,58.3,0.0,9,0.02,0.52
2026-06-21T13:41:57.539182,23.0,58.6,0.0,9,0.00,0.00
2026-06-21T13:41:58.511561,33.2,61.3,0.0,9,29.52,3.93
2026-06-21T13:41:59.511011,21.3,59.6,0.0,9,0.95,16.41
2026-06-21T13:42:00.509759,37.5,60.5,0.0,9,20.27,29.56
2026-06-21T13:42:01.515880,30.0,60.6,0.0,9,0.76,15.49
2026-06-21T13:42:02.514725,52.7,59.6,0.0,9,5.45,27.68
2026-06-21T13:42:03.522359,21.0,60.2,0.0,9,0.80,0.67
2026-06-21T13:42:04.508650,18.5,60.3,0.0,9,0.83,0.00
2026-06-21T13:42:05.530289,15.8,60.4,0.0,9,0.29,0.00
2026-06-21T13:42:06.540798,38.8,59.7,0.0,9,2.34,1.98
2026-06-21T13:42:07.512550,24.2,59.8,0.0,9,0.00,5.60
2026-06-21T13:42:08.511930,9.2,59.7,0.0,9,0.03,0.19
2026-06-21T13:42:09.511370,9.8,59.8,0.0,9,0.00,0.00
2026-06-21T13:42:10.511334,8.8,59.8,0.0,9,0.01,0.38
2026-06-21T13:42:11.515839,8.4,59.7,0.0,9,0.02,0.35
2026-06-21T13:42:12.510944,8.3,59.6,0.0,9,0.07,0.00
2026-06-21T13:42:13.517224,9.6,59.5,0.0,9,0.00,0.11
2026-06-21T13:42:14.510962,12.9,59.7,0.0,9,0.00,0.00
2026-06-21T13:42:15.514258,22.4,61.0,0.0,9,3.16,0.26
2026-06-21T13:42:16.514544,28.3,61.6,0.0,9,4.11,2.65
2026-06-21T13:42:17.528356,32.7,60.6,0.0,9,0.67,26.99
2026-06-21T13:42:18.514107,24.3,60.4,0.0,9,2.56,0.00
2026-06-21T13:42:19.512871,14.8,61.1,0.0,9,1.21,0.00
2026-06-21T13:42:20.521468,11.2,61.0,0.0,9,0.28,0.24
2026-06-21T13:42:21.509896,16.1,61.4,0.0,9,4.74,74.52
2026-06-21T13:42:22.507848,13.3,59.4,0.0,9,0.31,8.97
2026-06-21T13:42:23.514722,9.9,59.3,0.0,9,2.60,0.00
2026-06-21T13:42:24.513612,15.7,59.8,0.0,9,0.10,0.61
2026-06-21T13:42:25.538721,14.6,59.7,0.0,9,0.11,0.38
2026-06-21T13:42:26.511458,15.7,59.7,0.0,9,3.92,0.01
2026-06-21T13:42:27.533040,17.7,59.7,0.0,9,0.03,0.00
2026-06-21T13:42:28.516093,13.3,59.5,0.0,9,0.03,0.12
2026-06-21T13:42:29.524655,11.8,59.6,0.0,9,0.00,0.00
2026-06-21T13:42:30.533079,17.0,58.4,0.0,9,0.43,16.19
2026-06-21T13:42:31.512905,9.3,58.7,0.0,9,0.03,0.00
2026-06-21T13:42:32.516957,7.7,58.7,0.0,9,0.01,0.00
2026-06-21T13:42:33.515239,10.8,58.3,0.0,9,0.05,0.00
2026-06-21T13:42:34.534946,10.5,58.4,0.0,9,0.63,0.29
2026-06-21T13:42:35.511351,11.2,58.5,0.0,9,0.01,0.04
2026-06-21T13:42:36.511568,10.0,57.7,0.0,9,6.43,0.34
2026-06-21T13:42:37.511916,12.0,57.9,0.0,9,0.00,0.76
2026-06-21T13:42:38.532287,12.6,58.1,0.0,9,0.00,1.32
2026-06-21T13:42:39.512362,18.6,58.5,0.0,9,0.15,0.15
2026-06-21T13:42:40.537436,13.1,58.6,0.0,9,0.00,0.00
2026-06-21T13:42:41.523020,17.0,58.5,0.0,9,0.07,0.00
2026-06-21T13:42:42.541603,24.1,58.7,0.0,9,0.10,0.00
2026-06-21T13:42:43.525678,15.5,58.7,0.0,9,0.00,0.00
2026-06-21T13:42:44.512415,12.2,58.6,0.0,9,0.00,0.00
2026-06-21T13:42:45.553495,27.5,60.0,0.0,9,0.05,0.00
2026-06-21T13:42:46.551847,38.5,61.2,0.0,9,0.01,0.00
2026-06-21T13:42:47.519762,49.9,62.0,0.0,9,5.02,33.79
2026-06-21T13:42:48.512257,26.7,60.4,0.0,9,0.27,29.10
2026-06-21T13:42:49.514176,22.4,60.2,0.0,9,0.08,0.32
2026-06-21T13:42:50.511624,19.9,59.7,0.0,9,1.17,0.10
2026-06-21T13:42:51.513247,22.5,59.5,0.0,9,0.00,0.00
2026-06-21T13:42:52.532094,30.9,59.0,0.0,9,0.00,0.00
2026-06-21T13:42:53.515847,23.3,59.7,0.0,9,0.03,0.00
2026-06-21T13:42:54.513219,22.0,59.8,0.0,9,0.04,0.23
2026-06-21T13:42:55.569544,34.9,60.7,0.0,9,0.21,0.14
2026-06-21T13:42:56.535721,40.9,62.2,0.0,9,0.00,2.45
2026-06-21T13:42:57.515906,38.8,60.6,0.0,9,1.67,23.06
2026-06-21T13:42:58.513126,48.9,60.8,0.0,9,0.21,30.86
2026-06-21T13:42:59.512808,34.2,60.7,0.0,9,0.09,0.00
2026-06-21T13:43:00.510521,29.1,60.6,0.0,9,0.23,0.00
2026-06-21T13:43:01.528995,25.0,59.9,0.0,9,0.86,14.08
2026-06-21T13:43:02.510843,27.4,60.0,0.0,9,0.00,0.00
2026-06-21T13:43:03.517071,28.8,59.4,0.0,9,0.00,0.31
2026-06-21T13:43:04.508970,24.4,59.4,0.0,9,0.00,0.00
2026-06-21T13:43:05.547205,30.2,60.1,0.0,9,0.01,0.00
2026-06-21T13:43:06.512444,22.8,61.0,0.0,9,0.00,0.00
2026-06-21T13:43:07.514689,19.6,61.2,0.0,9,4.20,0.64
2026-06-21T13:43:08.516888,41.3,62.2,0.0,9,0.24,0.39
2026-06-21T13:43:09.525020,22.6,62.3,0.0,9,0.18,0.29
2026-06-21T13:43:10.514795,29.4,61.8,0.0,9,0.12,0.00
2026-06-21T13:43:11.512834,49.4,61.5,0.0,9,3.64,2.14
2026-06-21T13:43:12.524087,31.1,60.5,0.0,9,0.03,0.00
2026-06-21T13:43:13.535851,25.7,60.5,0.0,9,0.94,0.00
2026-06-21T13:43:14.519939,32.4,59.6,0.0,9,0.00,0.00
2026-06-21T13:43:15.519082,26.6,58.1,0.0,9,0.01,0.00
2026-06-21T13:43:16.522276,24.6,58.2,0.0,9,0.00,0.00
2026-06-21T13:43:17.537554,25.3,57.8,0.0,9,3.45,0.00
2026-06-21T13:43:18.514985,23.7,58.0,0.0,9,0.00,0.00
2026-06-21T13:43:19.534290,23.5,58.0,0.0,9,0.10,0.39
2026-06-21T13:43:20.515642,27.4,57.6,0.0,9,12.47,55.30
2026-06-21T13:43:21.528126,21.8,57.6,0.0,9,0.00,0.00
2026-06-21T13:43:22.528182,21.7,57.6,0.0,9,0.00,0.00
2026-06-21T13:43:23.525639,23.0,57.5,0.0,9,0.00,0.00
2026-06-21T13:43:24.511530,21.4,57.2,0.0,9,0.00,0.00
2026-06-21T13:43:25.529792,23.5,57.3,0.0,9,0.00,0.00
2026-06-21T13:43:26.513854,24.5,57.4,0.0,9,0.00,0.00
2026-06-21T13:43:27.529966,23.3,57.4,0.0,9,0.00,0.80
2026-06-21T13:43:28.566828,43.6,57.1,0.0,9,2.57,3.60
2026-06-21T13:43:29.530067,35.1,57.0,0.0,9,0.00,0.00
2026-06-21T13:43:30.514629,19.6,57.0,0.0,9,0.00,0.00
2026-06-21T13:43:31.537424,21.1,57.2,0.0,9,0.29,11.85
2026-06-21T13:43:32.512153,20.1,57.4,0.0,9,0.00,0.00
2026-06-21T13:43:33.530240,18.9,57.3,0.0,9,0.00,0.00
2026-06-21T13:43:34.513634,23.7,57.1,0.0,9,0.01,0.00
2026-06-21T13:43:35.527207,20.4,57.0,0.0,9,0.00,0.00
2026-06-21T13:43:36.515289,18.7,57.0,0.0,9,0.00,0.00
2026-06-21T13:43:37.513376,21.4,57.1,0.0,9,0.00,0.00
2026-06-21T13:43:38.514710,22.4,56.9,0.0,9,0.00,0.61
2026-06-21T13:43:39.532616,19.1,56.9,0.0,9,0.01,0.00
2026-06-21T13:43:40.514592,19.7,56.9,0.0,9,0.00,0.00
2026-06-21T13:43:41.523817,22.7,57.0,0.0,9,0.00,0.00
2026-06-21T13:43:42.515944,28.8,57.1,0.0,9,0.00,0.07
2026-06-21T13:43:43.518141,19.5,57.3,0.0,9,0.00,0.00
2026-06-21T13:43:44.513794,19.0,57.3,0.0,9,0.00,0.00
2026-06-21T13:43:45.520439,19.4,57.6,0.0,9,0.00,0.00
2026-06-21T13:43:46.513686,20.2,57.8,0.0,9,0.01,0.00
2026-06-21T13:43:47.541048,19.2,57.9,0.0,9,0.00,0.00
2026-06-21T13:43:48.514046,22.9,57.9,0.0,9,0.86,0.00
2026-06-21T13:43:49.514515,20.8,57.2,0.0,9,0.00,0.00
2026-06-21T13:43:50.512741,19.8,57.3,0.0,9,0.02,0.00
2026-06-21T13:43:51.511046,16.3,57.0,0.0,9,0.00,0.00
2026-06-21T13:43:52.511375,14.9,57.2,0.0,9,0.00,0.00
2026-06-21T13:43:53.534430,14.8,57.2,0.0,9,0.00,0.00
2026-06-21T13:43:54.511651,16.2,57.2,0.0,9,0.00,0.00
2026-06-21T13:43:55.535444,15.9,57.2,0.0,9,0.00,0.12
2026-06-21T13:43:56.513870,18.1,57.4,0.0,9,0.00,0.00
2026-06-21T13:43:57.520022,16.4,57.4,0.0,9,0.00,0.00
2026-06-21T13:43:58.524942,21.2,57.4,0.0,9,0.14,0.00
2026-06-21T13:43:59.523724,24.8,57.4,0.0,9,0.00,0.00
2026-06-21T13:44:00.512512,16.1,57.2,0.0,9,0.00,1.13
2026-06-21T13:44:01.513697,21.2,59.9,0.0,9,0.00,0.00
2026-06-21T13:44:02.515366,25.7,60.6,0.0,9,0.00,0.00
2026-06-21T13:44:03.517422,24.2,58.9,0.0,9,0.00,2.43
2026-06-21T13:44:04.513481,23.9,59.3,0.0,9,0.00,0.00
2026-06-21T13:44:05.521838,30.1,59.2,0.0,9,0.18,0.00
2026-06-21T13:44:06.515002,44.2,61.7,0.0,9,0.37,1.44
2026-06-21T13:44:07.511874,39.6,59.8,0.0,9,0.26,23.46
2026-06-21T13:44:08.514742,24.4,60.0,0.0,9,0.25,0.09
2026-06-21T13:44:09.517163,27.1,59.1,0.0,9,0.31,0.57
2026-06-21T13:44:10.515758,38.2,61.7,0.0,9,0.24,0.00
2026-06-21T13:44:11.515239,39.1,61.5,0.0,9,0.03,0.14
2026-06-21T13:44:12.512266,30.8,61.7,0.0,9,0.01,0.00
2026-06-21T13:44:13.515953,23.1,61.8,0.0,9,0.00,0.11
2026-06-21T13:44:14.516856,23.7,61.9,0.0,9,1.21,0.00
2026-06-21T13:44:15.513537,24.0,61.9,0.0,9,0.00,0.37
2026-06-21T13:44:16.516969,21.7,62.1,0.0,9,0.00,2.62
2026-06-21T13:44:17.514300,28.5,61.3,0.0,9,0.18,19.78
2026-06-21T13:44:18.518312,33.8,61.8,0.0,9,4.15,0.00
2026-06-21T13:44:19.515518,29.8,62.0,0.0,9,8.48,1.19
2026-06-21T13:44:20.518646,33.0,62.2,0.0,9,7.39,84.76
2026-06-21T13:44:21.523344,26.1,61.8,0.0,9,0.80,12.43
2026-06-21T13:44:22.520022,43.8,61.9,0.0,9,0.01,0.00
2026-06-21T13:44:23.514300,33.3,61.9,0.0,9,0.00,0.00
2026-06-21T13:44:24.516563,31.3,61.8,0.0,9,0.00,0.00
2026-06-21T13:44:25.516294,27.6,61.9,0.0,9,0.00,0.00
2026-06-21T13:44:26.521013,24.1,61.7,0.0,9,0.00,0.00
2026-06-21T13:44:27.513348,27.8,61.9,0.0,9,0.00,0.00
2026-06-21T13:44:28.514061,29.8,61.6,0.0,9,0.02,0.00
2026-06-21T13:44:29.514979,40.6,60.8,0.0,9,7.97,1.16
2026-06-21T13:44:30.516147,36.7,61.0,0.0,9,0.07,0.00
2026-06-21T13:44:31.514603,25.4,61.3,0.0,9,0.00,0.00
2026-06-21T13:44:32.513926,25.1,61.4,0.0,9,0.00,0.00
2026-06-21T13:44:33.523084,37.9,61.3,0.0,9,0.54,29.40
2026-06-21T13:44:34.522275,21.3,62.8,0.0,9,0.05,3.67
2026-06-21T13:44:35.514509,22.0,60.7,0.0,9,0.14,16.90
2026-06-21T13:44:36.526651,21.8,61.5,0.0,9,0.02,0.00
2026-06-21T13:44:37.512002,23.7,61.4,0.0,9,0.00,0.00
2026-06-21T13:44:38.513269,20.9,61.3,0.0,9,1.03,0.00
2026-06-21T13:44:39.512282,25.4,60.7,0.0,9,3.89,0.00
2026-06-21T13:44:40.515453,18.6,60.2,0.0,9,0.00,4.62
2026-06-21T13:44:41.513821,19.9,60.3,0.0,9,0.00,0.00
2026-06-21T13:44:42.518684,26.1,62.3,0.0,9,0.09,0.00
2026-06-21T13:44:43.513977,24.7,62.7,0.0,9,0.00,0.02
2026-06-21T13:44:44.516509,21.2,62.6,0.0,9,0.00,0.00
2026-06-21T13:44:45.512057,18.9,62.5,0.0,9,0.00,0.00
2026-06-21T13:44:46.525027,35.8,62.7,0.0,9,0.13,0.32
2026-06-21T13:44:47.512332,21.3,58.4,0.0,9,0.07,0.00
2026-06-21T13:44:48.513935,22.9,57.6,0.0,9,3.75,0.00
2026-06-21T13:44:49.516804,12.8,57.6,0.0,9,0.00,0.11
2026-06-21T13:44:50.514734,15.0,57.1,0.0,9,4.19,1.98
2026-06-21T13:44:51.514709,14.1,57.3,0.0,9,0.00,0.00
2026-06-21T13:44:52.516878,15.3,57.3,0.0,9,0.00,0.29
2026-06-21T13:44:53.517459,28.7,57.8,0.0,9,0.42,0.00
2026-06-21T13:44:54.515755,28.4,57.8,0.0,9,0.01,0.00
2026-06-21T13:44:55.537970,27.2,57.3,0.0,9,0.00,0.00
2026-06-21T13:44:56.513494,27.1,57.3,0.0,9,0.00,0.00
2026-06-21T13:44:57.539008,23.1,56.8,0.0,9,0.00,0.00
2026-06-21T13:44:58.514907,24.3,57.1,0.0,9,0.00,0.00
2026-06-21T13:44:59.516242,35.7,57.3,0.0,9,0.00,0.00
2026-06-21T13:45:00.523008,23.8,56.7,0.0,9,0.17,0.00
2026-06-21T13:45:01.529944,22.4,56.3,0.0,9,0.00,0.00
2026-06-21T13:45:02.511285,22.1,56.2,0.0,9,0.00,0.00
2026-06-21T13:45:03.514091,24.0,56.2,0.0,9,0.03,5.73
2026-06-21T13:45:04.515111,20.9,56.1,0.0,9,0.00,0.00
2026-06-21T13:45:05.513209,20.0,56.0,0.0,9,0.00,0.02
2026-06-21T13:45:06.529329,23.1,55.9,0.0,9,0.00,1.14
2026-06-21T13:45:07.520060,33.0,55.9,0.0,9,0.00,0.00
2026-06-21T13:45:08.517326,38.1,55.9,0.0,9,0.00,0.00
2026-06-21T13:45:09.520863,23.2,56.0,0.0,9,0.00,0.00
2026-06-21T13:45:10.513214,21.8,55.9,0.0,9,0.03,0.00
2026-06-21T13:45:11.513867,23.2,55.8,0.0,9,0.00,0.42
2026-06-21T13:45:12.531994,20.3,55.9,0.0,9,0.02,0.00
2026-06-21T13:45:13.515121,22.9,55.9,0.0,9,0.01,0.01
2026-06-21T13:45:14.533003,22.7,56.0,0.0,9,0.01,0.00
2026-06-21T13:45:15.538064,24.4,56.0,0.0,9,0.01,0.00
2026-06-21T13:45:16.518446,25.7,56.0,0.0,9,0.01,0.33
2026-06-21T13:45:17.511735,21.8,55.9,0.0,9,0.00,0.00
2026-06-21T13:45:18.521660,24.4,55.9,0.0,9,0.02,0.00
2026-06-21T13:45:19.529885,23.3,56.3,0.0,9,0.01,0.23
2026-06-21T13:45:20.522723,25.5,56.4,0.0,9,9.04,53.57
2026-06-21T13:45:21.518701,23.3,56.7,0.0,9,0.00,0.00
2026-06-21T13:45:22.520104,22.6,56.6,0.0,9,0.00,0.00
2026-06-21T13:45:23.520362,23.0,56.4,0.0,9,0.01,0.00
2026-06-21T13:45:24.522757,23.5,56.3,0.0,9,0.00,0.00
2026-06-21T13:45:25.514421,18.9,56.4,0.0,9,0.00,0.00
2026-06-21T13:45:26.515282,18.5,56.4,0.0,9,0.00,0.00
2026-06-21T13:45:27.515044,18.8,56.3,0.0,9,0.00,0.37
2026-06-21T13:45:28.525331,16.9,56.3,0.0,9,0.01,0.00
2026-06-21T13:45:29.510840,18.8,56.1,0.0,9,0.00,0.00
2026-06-21T13:45:30.521780,16.5,56.1,0.0,9,0.00,0.00
2026-06-21T13:45:31.511126,16.7,56.2,0.0,9,0.01,0.00
2026-06-21T13:45:32.513873,16.6,56.2,0.0,9,0.00,0.00
2026-06-21T13:45:33.528795,16.8,56.1,0.0,9,0.00,0.00
2026-06-21T13:45:34.522824,29.3,56.1,0.0,9,1.10,6.30
2026-06-21T13:45:35.513514,18.3,56.0,0.0,9,0.00,0.00
2026-06-21T13:45:36.526942,19.3,56.4,0.0,9,0.00,0.00
2026-06-21T13:45:37.514555,18.0,56.4,0.0,9,0.00,0.00
2026-06-21T13:45:38.512818,18.6,56.4,0.0,9,0.00,0.00
2026-06-21T13:45:39.513345,21.5,55.9,0.0,9,0.00,0.00
2026-06-21T13:45:40.531377,18.0,56.0,0.0,9,0.00,0.00
2026-06-21T13:45:41.512218,18.1,56.0,0.0,9,0.00,2.47
2026-06-21T13:45:42.529353,16.5,56.0,0.0,9,0.00,0.00
2026-06-21T13:45:43.510428,26.3,56.1,0.0,9,0.02,0.00
2026-06-21T13:45:44.523893,18.9,56.1,0.0,9,0.00,0.00
2026-06-21T13:45:45.512676,18.3,56.2,0.0,9,0.00,0.00
2026-06-21T13:45:46.536025,19.0,56.0,0.0,9,0.02,0.00
2026-06-21T13:45:47.512879,20.7,56.0,0.0,9,0.00,0.00
2026-06-21T13:45:48.530560,18.8,56.0,0.0,9,0.00,0.00
2026-06-21T13:45:49.513861,19.7,56.1,0.0,9,0.04,0.00
2026-06-21T13:45:50.539025,16.4,56.5,0.0,9,0.00,0.00
2026-06-21T13:45:51.515357,18.9,56.6,0.0,9,0.00,0.00
2026-06-21T13:45:52.515185,17.0,56.6,0.0,9,0.00,0.00
2026-06-21T13:45:53.513944,16.5,56.2,0.0,9,0.00,0.00
2026-06-21T13:45:54.522980,17.4,56.1,0.0,9,0.00,0.00
2026-06-21T13:45:55.513809,17.5,56.1,0.0,9,0.00,0.00
2026-06-21T13:45:56.536339,18.1,56.1,0.0,9,0.00,0.00
2026-06-21T13:45:57.515565,23.2,56.1,0.0,9,0.00,0.00
2026-06-21T13:45:58.518494,21.5,56.1,0.0,9,0.00,0.00
2026-06-21T13:45:59.512079,23.7,56.1,0.0,9,0.00,0.00
2026-06-21T13:46:00.551096,24.8,56.2,0.0,9,0.02,0.00
2026-06-21T13:46:01.514595,38.2,56.0,0.0,9,0.00,0.00
2026-06-21T13:46:02.515289,21.0,55.9,0.0,9,0.00,0.00
2026-06-21T13:46:03.518546,21.5,55.9,0.0,9,4.05,0.00
2026-06-21T13:46:04.533682,23.4,56.0,0.0,9,0.00,0.00
2026-06-21T13:46:05.513952,24.0,56.0,0.0,9,0.00,0.00
2026-06-21T13:46:06.520439,21.6,56.5,0.0,9,0.02,3.20
2026-06-21T13:46:07.518748,21.9,56.5,0.0,9,0.01,0.33
2026-06-21T13:46:08.536053,21.9,56.5,0.0,9,0.00,0.00
2026-06-21T13:46:09.538591,38.9,56.1,0.0,9,0.00,0.00
2026-06-21T13:46:10.541970,35.0,56.0,0.0,9,2.09,0.00
2026-06-21T13:46:11.512368,37.9,59.9,0.0,9,0.00,2.15
2026-06-21T13:46:12.522722,39.8,58.0,0.0,9,0.04,24.97
2026-06-21T13:46:13.509797,39.4,57.6,0.0,9,0.02,14.32
2026-06-21T13:46:14.512702,24.6,57.5,0.0,9,3.85,1.42
2026-06-21T13:46:15.514452,26.5,59.1,0.0,9,0.07,0.00
2026-06-21T13:46:16.514820,25.0,59.0,0.0,9,0.00,0.00
2026-06-21T13:46:17.509296,19.9,57.9,0.0,9,0.00,0.00
2026-06-21T13:46:18.514577,16.4,57.8,0.0,9,0.00,0.00
2026-06-21T13:46:19.514021,18.6,57.7,0.0,9,0.07,0.68
2026-06-21T13:46:20.515045,37.8,57.7,0.0,9,7.94,53.41
2026-06-21T13:46:21.514013,19.8,57.5,0.0,9,0.00,0.00
2026-06-21T13:46:22.518922,18.4,57.5,0.0,9,0.02,0.13
2026-06-21T13:46:23.513759,15.5,57.3,0.0,9,0.00,0.00
2026-06-21T13:46:24.537550,24.3,58.0,0.0,9,0.47,0.00
2026-06-21T13:46:25.517586,21.3,58.0,0.0,9,0.03,0.00
2026-06-21T13:46:26.516935,24.2,57.6,0.0,9,0.01,0.00
2026-06-21T13:46:27.521360,20.7,57.4,0.0,9,0.00,0.00
2026-06-21T13:46:28.521993,21.7,57.8,0.0,9,0.00,0.00
2026-06-21T13:46:29.524192,29.9,58.1,0.0,9,0.00,0.00
2026-06-21T13:46:30.516663,20.5,57.8,0.0,9,0.00,0.12
2026-06-21T13:46:31.528746,18.0,57.8,0.0,9,0.02,0.00
2026-06-21T13:46:32.520527,26.3,57.8,0.0,9,0.00,0.00
